City ID,City,Country,Date,Lat,Lng,Max Temp,Humidity,Cloudiness,Wind Speed
0,Husavik,IS,2022-07-21 18:42:09,66.0449,-17.3389,50.32,78,94,3.98
1,Kaduy,RU,2022-07-21 18:42:09,59.2,37.15,62.71,75,100,5.03
2,Sandwick,GB,2022-07-21 18:42:10,60.0,-1.25,53.42,82,75,10.36
3,Vila Franca Do Campo,PT,2022-07-21 18:42:10,37.7167,-25.4333,72.01,72,30,3.24
4,Quatre Cocos,MU,2022-07-21 18:36:54,-20.2078,57.7625,69.91,71,93,20.74
5,Busselton,AU,2022-07-21 18:36:23,-33.65,115.3333,57.88,77,58,12.06
6,Afogados Da Ingazeira,BR,2022-07-21 18:42:10,-7.7508,-37.6392,75.7,66,94,12.48
7,Kondinskoye,RU,2022-07-21 18:42:11,59.6481,67.41,54.19,65,9,6.31
8,Lvovskoye,RU,2022-07-21 18:42:11,44.9944,38.6354,69.96,55,2,5.95
9,Ushuaia,AR,2022-07-21 18:31:38,-54.8,-68.3,31.66,74,40,19.57
10,Saint George,US,2022-07-21 18:36:49,37.1041,-113.5841,108.63,15,0,8.05
11,Barcelos,PT,2022-07-21 18:42:12,41.5388,-8.6151,81.91,68,7,4.12
12,Quepos,CR,2022-07-21 18:42:12,9.4236,-84.1652,81.55,77,100,4.12
13,Mehamn,NO,2022-07-21 18:42:12,71.0357,27.8492,60.75,94,0,1.14
14,Adwa,ET,2022-07-21 18:42:13,14.1646,38.8955,63.68,85,99,9.73
15,Hambantota,LK,2022-07-21 18:37:13,6.1241,81.1185,79.14,94,40,13.8
16,Hobyo,SO,2022-07-21 18:38:23,5.3505,48.5268,76.19,83,62,23.35
17,Asosa,ET,2022-07-21 18:42:13,10.0667,34.5333,58.78,97,53,2.06
18,Lagoa,PT,2022-07-21 18:42:13,39.05,-27.9833,72.73,83,94,5.06
19,Port Elizabeth,ZA,2022-07-21 18:36:27,-33.918,25.5701,51.1,73,0,2.24
20,Port Alfred,ZA,2022-07-21 18:36:31,-33.5906,26.891,58.21,70,0,0.78
21,Touros,BR,2022-07-21 18:37:30,-5.1989,-35.4608,80.42,72,100,11.61
22,Ostashkov,RU,2022-07-21 18:42:14,57.1467,33.1075,56.05,91,0,4.94
23,Pisco,PE,2022-07-21 18:37:38,-13.7,-76.2167,66.02,72,40,6.91
24,San Vicente,AR,2022-07-21 18:42:14,-26.6167,-54.1333,76.39,52,63,4.43
25,Longyearbyen,SJ,2022-07-21 18:41:21,78.2186,15.6401,51.64,82,75,9.22
26,Upernavik,GL,2022-07-21 18:42:15,72.7868,-56.1549,47.03,87,100,10.78
27,Varhaug,NO,2022-07-21 18:42:15,58.6147,5.6457,59.85,84,92,28.54
28,Hermanus,ZA,2022-07-21 18:36:25,-34.4187,19.2345,44.8,75,100,0.4
29,Bandarbeyla,SO,2022-07-21 18:38:35,9.4942,50.8122,75.88,82,45,28.52
30,Itarema,BR,2022-07-21 18:35:28,-2.9248,-39.9167,85.17,60,82,16.53
31,Nuuk,GL,2022-07-21 18:42:15,64.1835,-51.7216,59.61,67,75,18.41
32,Sztum,PL,2022-07-21 18:42:16,53.9208,19.0307,82.33,43,100,9.35
33,Rauma,FI,2022-07-21 18:42:16,61.1272,21.5113,78.84,74,100,11.18
34,Vianden,LU,2022-07-21 18:42:16,49.935,6.2089,74.93,62,7,5.01
35,Tasiilaq,GL,2022-07-21 18:42:17,65.6145,-37.6368,42.96,77,89,2.84
36,The Valley,AI,2022-07-21 18:36:55,18.217,-63.0578,87.94,62,20,19.57
37,Birao,CF,2022-07-21 18:37:33,10.2849,22.7882,79.72,69,92,3.38
38,Ilulissat,GL,2022-07-21 18:42:17,69.2167,-51.1,48.22,71,75,8.05
39,Chicla,PE,2022-07-21 18:42:17,-11.705,-76.2686,56.28,24,2,6.11
40,Chongwe,ZM,2022-07-21 18:42:18,-15.3292,28.682,63.54,54,80,6.4
41,Saint-Philippe,RE,2022-07-21 18:36:24,-21.3585,55.7679,64.22,81,39,14.25
42,Port-Gentil,GA,2022-07-21 18:38:04,-0.7193,8.7815,75.16,88,40,9.22
43,Santa Cruz,BO,2022-07-21 18:36:49,-17.8,-63.1667,87.85,42,75,26.46
44,Dikson,RU,2022-07-21 18:42:18,73.5069,80.5464,43.09,95,100,21.39
45,Hithadhoo,MV,2022-07-21 18:36:20,-0.6,73.0833,80.74,72,100,4.63
46,Inhambane,MZ,2022-07-21 18:37:47,-23.865,35.3833,64.38,94,20,3.44
47,Mar Del Plata,AR,2022-07-21 18:35:54,-38.0023,-57.5575,54.95,56,0,14.0
48,Castro,BR,2022-07-21 18:36:32,-24.7911,-50.0119,70.7,60,16,5.7
49,Talcahuano,CL,2022-07-21 18:42:19,-36.7167,-73.1167,55.08,88,75,4.61
50,Damghan,IR,2022-07-21 18:37:24,36.1683,54.348,84.36,32,0,1.92
51,Charkhi Dadri,IN,2022-07-21 18:42:19,28.6,76.2667,83.89,76,78,5.39
52,Honningsvag,NO,2022-07-21 18:42:19,70.9821,25.9704,58.75,94,100,4.61
53,Raudeberg,NO,2022-07-21 18:42:20,61.9875,5.1352,54.27,86,100,7.31
54,Port Shepstone,ZA,2022-07-21 18:42:20,-30.7414,30.455,64.67,75,43,9.73
55,Antofagasta,CL,2022-07-21 18:36:33,-23.65,-70.4,60.08,71,7,5.41
56,Poopo,BO,2022-07-21 18:42:20,-18.3667,-66.9667,61.57,8,96,7.49
57,Qaanaaq,GL,2022-07-21 18:42:21,77.484,-69.3632,45.54,70,100,5.93
58,Mapiripan,CO,2022-07-21 18:38:08,2.8892,-72.1256,75.79,87,96,5.48
59,Baturinskaya,RU,2022-07-21 18:42:21,45.7927,39.3707,63.99,61,0,7.81
60,Laguna,US,2022-07-21 18:42:21,38.421,-121.4238,94.96,41,0,5.75
61,Gat,IL,2022-07-21 18:37:03,31.61,34.7642,80.82,100,6,4.14
62,Mahibadhoo,MV,2022-07-21 18:42:22,3.7833,72.9667,83.17,74,100,14.74
63,Kavaratti,IN,2022-07-21 18:37:13,10.5669,72.642,81.21,79,100,19.66
64,Canguaretama,BR,2022-07-21 18:42:22,-6.38,-35.1289,77.76,82,100,11.25
65,Salalah,OM,2022-07-21 18:37:14,17.0151,54.0924,77.09,94,100,5.75
66,Coari,BR,2022-07-21 18:41:43,-4.085,-63.1414,82.51,74,81,1.79
67,Rognan,NO,2022-07-21 18:42:23,67.0953,15.3878,55.54,48,100,2.82
68,Faya,SA,2022-07-21 18:36:57,18.3851,42.4509,69.91,53,77,3.71
69,Jamestown,US,2022-07-21 18:36:24,42.097,-79.2353,84.06,58,75,21.85
70,Bubaque,GW,2022-07-21 18:36:35,11.2833,-15.8333,79.11,84,100,15.48
71,Nanortalik,GL,2022-07-21 18:42:23,60.1432,-45.2371,51.24,74,2,14.23
72,East London,ZA,2022-07-21 18:36:38,-33.0153,27.9116,54.54,94,0,8.05
73,Buraydah,SA,2022-07-21 18:38:15,26.326,43.975,102.65,10,10,9.82
74,Cidreira,BR,2022-07-21 18:36:28,-30.1811,-50.2056,65.44,87,100,6.29
75,Taoudenni,ML,2022-07-21 18:37:19,22.6783,-3.9836,98.04,29,72,11.86
76,Ribeira Grande,PT,2022-07-21 18:36:21,38.5167,-28.7,77.4,78,20,10.36
77,Cape Town,ZA,2022-07-21 18:34:06,-33.9258,18.4232,54.27,85,0,4.61
78,Bredasdorp,ZA,2022-07-21 18:36:26,-34.5322,20.0403,48.38,87,100,0.72
79,Bondoukou,CI,2022-07-21 18:42:24,8.0333,-2.8,74.35,77,30,4.14
80,Sabha,LY,2022-07-21 18:42:24,27.0377,14.4283,86.88,18,0,11.99
81,Bara,NG,2022-07-21 18:38:06,10.3744,10.7288,77.74,71,87,3.51
82,Sechura,PE,2022-07-21 18:42:24,-5.5569,-80.8222,73.76,55,48,13.71
83,Warmbad,NA,2022-07-21 18:42:25,-28.45,18.7333,61.95,34,0,9.89
84,Arraial Do Cabo,BR,2022-07-21 18:36:36,-22.9661,-42.0278,76.96,73,20,12.66
85,Atar,MR,2022-07-21 18:38:16,20.5169,-13.0499,100.45,20,5,17.27
86,Ostrovnoy,RU,2022-07-21 18:42:25,68.0531,39.5131,52.38,86,98,5.3
87,Stromness,GB,2022-07-21 18:42:25,58.965,-3.296,55.36,88,100,5.01
88,Andenes,NO,2022-07-21 18:42:26,69.3143,16.1194,55.38,82,75,9.22
89,Salinopolis,BR,2022-07-21 18:42:26,-0.6136,-47.3561,81.3,76,91,7.49
90,Taltal,CL,2022-07-21 18:36:38,-25.4,-70.4833,61.27,77,8,6.08
91,Turmalina,BR,2022-07-21 18:42:26,-17.2856,-42.73,80.13,29,0,7.9
92,Kruisfontein,ZA,2022-07-21 18:36:40,-34.0033,24.7314,48.88,86,0,2.08
93,Saint Anthony,US,2022-07-21 18:42:27,45.0205,-93.218,86.11,38,0,18.41
94,Punta Arenas,CL,2022-07-21 18:34:15,-53.15,-70.9167,37.42,75,20,25.32
95,Eregli,TR,2022-07-21 18:42:27,37.5133,34.0467,68.02,32,0,3.53
96,Nikel,RU,2022-07-21 18:42:27,69.4128,30.222,68.18,72,100,1.88
97,Killybegs,IE,2022-07-21 18:42:28,54.6333,-8.45,58.71,71,100,7.61
98,Kemijarvi,FI,2022-07-21 18:42:28,66.7131,27.4306,66.54,65,88,5.21
99,Diego De Almagro,CL,2022-07-21 18:42:28,-26.3667,-70.05,67.93,33,0,5.97
100,Bathsheba,BB,2022-07-21 18:36:41,13.2167,-59.5167,88.41,81,20,20.71
101,Ampanihy,MG,2022-07-21 18:42:29,-24.7,44.75,64.9,69,23,8.32
102,Letka,RU,2022-07-21 18:42:29,59.6011,49.4232,57.54,93,67,4.85
103,Adrar,MR,2022-07-21 18:37:33,20.5022,-10.0711,93.7,33,80,10.67
104,Los Llanos De Aridane,ES,2022-07-21 18:36:46,28.6585,-17.9182,71.35,78,20,17.27
105,Toktogul,KG,2022-07-21 18:42:29,41.8708,72.9402,76.98,39,0,3.58
106,Vokhma,RU,2022-07-21 18:42:30,58.9303,46.7586,56.61,85,1,3.87
107,Victoria,HK,2022-07-21 18:37:19,22.2855,114.1577,85.32,78,0,4.0
108,Issa,RU,2022-07-21 18:42:30,53.8705,44.8578,57.04,96,80,14.72
109,Derzhavinsk,KZ,2022-07-21 18:42:30,51.1,66.3167,66.15,52,37,7.67
110,Alta Floresta,BR,2022-07-21 18:42:31,-9.8756,-56.0861,96.62,28,0,5.75
111,Paamiut,GL,2022-07-21 18:42:31,61.994,-49.6678,46.13,88,10,9.98
112,Magugu,TZ,2022-07-21 18:42:31,-4.0167,35.7667,61.92,65,6,4.34
113,Sorland,NO,2022-07-21 18:42:32,67.667,12.6934,53.46,91,100,21.34
114,Rio Grande,BR,2022-07-21 18:37:20,-32.035,-52.0986,68.11,97,100,4.23
115,Puerto Colombia,CO,2022-07-21 18:38:12,10.9878,-74.9547,87.89,75,99,15.08
116,Buta,CD,2022-07-21 18:42:32,2.7858,24.73,70.77,99,100,3.06
117,Sao Joao Da Barra,BR,2022-07-21 18:36:30,-21.6403,-41.0511,78.89,74,12,10.13
118,Bilma,NE,2022-07-21 18:42:32,18.6853,12.9164,93.83,29,81,10.49
119,Malinovoye Ozero,RU,2022-07-21 18:42:33,51.6753,79.7825,70.27,66,100,8.97
120,Grand Gaube,MU,2022-07-21 18:37:25,-20.0064,57.6608,70.2,78,97,5.01
121,Saldanha,ZA,2022-07-21 18:37:26,-33.0117,17.9442,50.05,75,93,8.86
122,Copiapo,CL,2022-07-21 18:42:33,-27.3667,-70.3333,53.29,61,3,3.42
123,Hamilton,US,2022-07-21 18:36:56,39.1834,-84.5333,90.75,53,40,16.11
124,Wukari,NG,2022-07-21 18:38:21,7.85,9.7833,74.25,84,100,5.7
125,Vila Velha,BR,2022-07-21 18:36:51,-20.3297,-40.2925,76.95,77,40,13.8
126,Aranos,NA,2022-07-21 18:42:33,-24.1333,19.1167,56.7,31,0,10.07
127,Namibe,AO,2022-07-21 18:37:06,-15.1961,12.1522,63.7,87,47,2.39
128,Bahia Blanca,AR,2022-07-21 18:42:34,-38.7196,-62.2724,55.36,19,89,6.71
129,Saint-Augustin,CA,2022-07-21 18:42:34,51.226,-58.6502,76.03,41,99,11.88
130,Viramgam,IN,2022-07-21 18:42:34,23.1225,72.0484,83.19,76,100,12.77
131,Emba,KZ,2022-07-21 18:42:35,48.8264,58.1442,77.45,30,100,12.35
132,Pangnirtung,CA,2022-07-21 18:42:35,66.1451,-65.7125,44.6,93,100,6.91
133,Liverpool,GB,2022-07-21 18:35:05,53.4106,-2.9779,66.29,69,75,8.05
134,Turochak,RU,2022-07-21 18:42:35,52.2576,87.1224,55.83,98,100,3.24
135,Maragheh,IR,2022-07-21 18:42:36,37.3917,46.2398,82.67,14,0,6.91
136,Matagami,CA,2022-07-21 18:42:36,49.7502,-77.6328,68.11,94,100,13.8
137,Lebu,CL,2022-07-21 18:42:36,-37.6167,-73.65,53.46,78,97,8.57
138,Bukene,TZ,2022-07-21 18:42:37,-4.2333,32.8833,72.01,36,54,7.92
139,Ponta Delgada,PT,2022-07-21 18:37:18,37.7333,-25.6667,72.32,78,75,5.75
140,Capaci,IT,2022-07-21 18:42:37,38.1711,13.2393,84.25,64,0,12.66
141,Luanda,AO,2022-07-21 18:40:28,-8.8368,13.2343,67.98,86,89,12.06
142,Kangaatsiaq,GL,2022-07-21 18:42:37,68.3065,-53.4641,42.98,94,100,18.07
143,Coquimbo,CL,2022-07-21 18:37:36,-29.9533,-71.3436,56.93,76,100,8.05
144,Baglung,NP,2022-07-21 18:42:38,28.2719,83.5898,70.93,93,100,3.62
145,Kutum,SD,2022-07-21 18:42:38,14.2,24.6667,73.06,64,95,5.91
146,Cayenne,GF,2022-07-21 18:36:50,4.9333,-52.3333,87.84,1,20,10.36
147,Sibut,CF,2022-07-21 18:42:38,5.718,19.0739,72.77,95,100,1.16
148,Senanga,ZM,2022-07-21 18:42:38,-16.1167,23.2667,66.81,40,60,7.23
149,Buribay,RU,2022-07-21 18:42:39,51.9617,58.1592,61.93,63,1,2.91
150,Octeville,FR,2022-07-21 18:42:39,49.6261,-1.6435,64.89,77,0,2.3
151,Torbay,CA,2022-07-21 18:35:32,47.6666,-52.7314,77.88,58,75,18.41
152,Soure,BR,2022-07-21 18:42:39,-0.7167,-48.5233,85.75,60,61,5.77
153,Sao Gabriel Da Cachoeira,BR,2022-07-21 18:42:40,-0.1303,-67.0892,87.6,62,40,4.61
154,Guanica,PR,2022-07-21 18:42:40,17.9716,-66.908,88.05,81,35,20.69
155,Mahanoro,MG,2022-07-21 18:42:40,-19.9,48.8,64.06,86,42,2.17
156,Requena,ES,2022-07-21 18:42:41,39.4883,-1.1004,78.78,52,0,9.08
157,Caravelas,BR,2022-07-21 18:36:54,-17.7125,-39.2481,75.18,69,2,7.23
158,Georgetown,MY,2022-07-21 18:36:29,5.4112,100.3354,83.89,87,20,2.3
159,Grindavik,IS,2022-07-21 18:42:41,63.8424,-22.4338,55.35,93,100,10.36
160,Iquique,CL,2022-07-21 18:39:25,-20.2208,-70.1431,60.84,73,100,4.41
161,Paita,PE,2022-07-21 18:38:29,-5.0892,-81.1144,68.92,68,9,14.83
162,Zadar,HR,2022-07-21 18:42:41,44.1197,15.2422,84.81,32,0,8.05
163,La Rochelle,FR,2022-07-21 18:42:42,46.1667,-1.15,69.87,73,0,14.97
164,Conakry,GN,2022-07-21 18:42:42,9.538,-13.6773,78.04,86,87,13.04
165,Sambava,MG,2022-07-21 18:36:48,-14.2667,50.1667,69.15,86,81,12.19
166,Necochea,AR,2022-07-21 18:33:46,-38.5473,-58.7368,51.22,38,68,7.43
167,Sept-Iles,CA,2022-07-21 18:42:43,50.2001,-66.3821,72.12,63,75,14.97
168,Muros,ES,2022-07-21 18:42:43,42.7762,-9.0603,77.68,75,86,15.21
169,Dakar,SN,2022-07-21 18:38:19,14.6937,-17.4441,86.13,74,75,6.91
170,Serebryansk,KZ,2022-07-21 18:42:43,49.6925,83.2892,58.12,95,100,3.8
171,Maiduguri,NG,2022-07-21 18:42:43,11.8464,13.1603,83.79,53,95,5.19
172,Tenkodogo,BF,2022-07-21 18:42:44,11.78,-0.3697,84.83,54,100,3.87
173,Concepcion,CL,2022-07-21 18:38:09,-36.827,-73.0498,55.2,88,75,4.61
174,Dingle,PH,2022-07-21 18:42:44,10.9995,122.6711,77.4,91,100,5.86
175,Tupiza,BO,2022-07-21 18:42:44,-21.45,-65.7167,73.72,9,79,19.08
176,Baijiantan,CN,2022-07-21 18:42:45,45.6333,85.1833,83.07,20,0,6.67
177,Ponta Do Sol,PT,2022-07-21 18:37:08,32.6667,-17.1,77.72,77,3,6.2
178,Sarkand,KZ,2022-07-21 18:42:45,45.41,79.9186,74.7,31,0,8.39
179,Hendersonville,US,2022-07-21 18:37:59,36.3048,-86.62,95.5,54,0,1.99
180,Bambous Virieux,MU,2022-07-21 18:36:28,-20.3428,57.7575,70.05,78,75,13.8
181,Aripuana,BR,2022-07-21 18:37:23,-9.1667,-60.6333,97.05,25,15,0.76
182,Mogwase,ZA,2022-07-21 18:42:45,-25.185,27.2665,63.39,44,89,5.08
183,Brae,GB,2022-07-21 18:42:46,60.3964,-1.353,52.32,80,10,11.9
184,Nioki,CD,2022-07-21 18:42:46,-2.7167,17.6833,82.2,51,48,2.82
185,Martil,MA,2022-07-21 18:42:46,35.6166,-5.2752,80.56,69,75,9.22
186,Magnor,SE,2022-07-21 18:42:47,59.9511,12.1996,72.91,61,100,3.87
187,Svetlogorsk,BY,2022-07-21 18:42:47,52.6333,29.7333,64.22,88,98,7.43
188,Clyde River,CA,2022-07-21 18:42:47,70.4692,-68.5914,41.23,93,100,17.27
189,Abu Kamal,SY,2022-07-21 18:42:48,34.4506,40.9171,92.98,16,0,10.71
190,Nouadhibou,MR,2022-07-21 18:37:10,20.931,-17.0347,75.18,83,61,13.8
191,Vokhtoga,RU,2022-07-21 18:42:48,58.8147,41.0461,57.83,80,42,4.16
192,Meulaboh,ID,2022-07-21 18:37:01,4.1363,96.1285,78.13,83,100,4.7
193,Sur,OM,2022-07-21 18:42:48,22.5667,59.5289,87.19,71,93,12.66
194,Pokaran,IN,2022-07-21 18:37:16,26.9167,71.9167,89.1,60,100,17.31
195,Menzelinsk,RU,2022-07-21 18:42:49,55.7271,53.1026,59.32,76,33,2.19
196,Balykshi,KZ,2022-07-21 18:42:49,47.0667,51.8667,77.0,65,40,4.47
197,Marsa Matruh,EG,2022-07-21 18:42:49,31.3525,27.2453,79.0,69,0,9.22
198,Vestmannaeyjar,IS,2022-07-21 18:42:50,63.4427,-20.2734,50.99,100,100,6.91
199,Verkhnyaya Inta,RU,2022-07-21 18:42:50,65.9811,60.3094,47.71,63,0,6.98
200,San Joaquin,US,2022-07-21 18:42:50,37.9333,-121.3011,91.36,30,0,4.61
201,Chuy,UY,2022-07-21 18:36:24,-33.6971,-53.4616,57.33,85,98,7.58
202,Beloha,MG,2022-07-21 18:37:16,-25.1667,45.05,64.51,86,5,5.28
203,Riachao Das Neves,BR,2022-07-21 18:42:50,-11.7461,-44.91,88.27,25,36,8.3
204,Front Royal,US,2022-07-21 18:42:51,38.9182,-78.1944,93.04,50,75,5.75
205,Medyn,RU,2022-07-21 18:42:51,54.9692,35.8586,58.39,84,6,8.95
206,Chapais,CA,2022-07-21 18:42:51,49.7834,-74.8492,69.58,88,100,14.18
207,Marsh Harbour,BS,2022-07-21 18:35:31,26.5412,-77.0636,83.7,70,7,11.7
208,San Juan,AR,2022-07-21 18:42:52,-31.5375,-68.5364,65.59,17,0,12.64
209,Ballina,AU,2022-07-21 18:42:52,-28.8667,153.5667,59.02,99,100,19.01
210,Karakol,KG,2022-07-21 18:42:52,42.4907,78.3936,63.05,36,0,3.87
211,Aksu,CN,2022-07-21 18:36:40,41.1231,80.2644,80.83,25,0,6.22
212,Ocho Rios,JM,2022-07-21 18:42:53,18.4025,-77.1048,86.81,71,61,12.73
213,Iraquara,BR,2022-07-21 18:42:53,-12.2486,-41.6194,74.91,44,6,12.8
214,Taywarah,AF,2022-07-21 18:42:53,33.35,64.4167,67.6,20,0,2.89
215,Naduvattam,IN,2022-07-21 18:42:54,11.4833,76.5667,57.06,96,100,1.36
216,Basoko,CD,2022-07-21 18:42:54,1.2391,23.616,74.14,87,34,3.49
217,Turbat,PK,2022-07-21 18:42:54,26.0023,63.044,84.29,74,97,8.19
218,Cabedelo,BR,2022-07-21 18:38:11,-6.9811,-34.8339,75.87,83,100,11.05
219,Saryozek,KZ,2022-07-21 18:42:55,44.3583,77.9753,72.99,30,0,3.0
220,Abnub,EG,2022-07-21 18:38:26,27.2696,31.1511,91.62,19,0,8.97
221,Sindgi,IN,2022-07-21 18:42:55,16.9167,76.2333,78.35,76,100,13.8
222,Cairo,EG,2022-07-21 18:42:46,30.0626,31.2497,86.41,51,20,9.22
223,Filadelfia,US,2022-07-21 18:39:12,39.9523,-75.1638,97.79,52,75,17.27
224,Orikum,AL,2022-07-21 18:42:55,40.3253,19.4714,78.53,54,0,9.46
225,Carbonia,IT,2022-07-21 18:42:56,39.1672,8.5222,92.35,58,0,5.7
226,Chardara,KZ,2022-07-21 18:41:25,41.2547,67.9692,86.09,19,0,11.72
227,Goba,ET,2022-07-21 18:42:56,7.0167,39.9833,51.84,94,87,3.09
228,Svobodnyy,RU,2022-07-21 18:42:56,51.4,128.1333,61.27,93,100,6.24
229,Sovetskaya,RU,2022-07-21 18:42:56,44.7769,41.1722,62.76,81,1,7.58
230,Lubango,AO,2022-07-21 18:40:55,-14.9172,13.4925,58.17,35,1,2.93
231,Saint-Pierre,RE,2022-07-21 18:37:37,-21.3393,55.4781,64.29,77,0,6.91
232,Sao Filipe,CV,2022-07-21 18:37:49,14.8961,-24.4956,75.72,85,93,7.9
233,Oussouye,SN,2022-07-21 18:42:57,12.485,-16.5469,78.98,87,100,3.76
234,Bonthe,SL,2022-07-21 18:37:59,7.5264,-12.505,77.4,80,100,13.47
235,Makat,KZ,2022-07-21 18:42:57,47.6469,53.3463,84.56,33,100,5.75
236,Gasa,PS,2022-07-21 18:42:57,31.5,34.4667,78.87,75,6,5.21
237,Arlit,NE,2022-07-21 18:36:50,18.7369,7.3853,100.99,12,26,1.74
238,Balad,IQ,2022-07-21 18:42:58,34.0164,44.1453,100.29,14,0,18.23
239,Tanda,IN,2022-07-21 18:42:58,26.55,82.65,82.02,83,100,6.02
240,Bosaso,SO,2022-07-21 18:42:58,11.2842,49.1816,91.53,42,49,12.53
241,Batsfjord,NO,2022-07-21 18:42:59,70.6345,29.7185,60.98,91,100,6.08
242,Micheweni,TZ,2022-07-21 18:42:59,-4.9667,39.8333,74.23,81,10,15.35
243,Digha,IN,2022-07-21 18:42:59,21.6833,87.55,83.86,82,100,9.86
244,Margate,GB,2022-07-21 18:36:48,51.3813,1.3862,66.9,74,16,4.0
245,Wurzburg,DE,2022-07-21 18:43:00,49.7878,9.9361,80.4,53,1,6.51
246,Strezhevoy,RU,2022-07-21 18:43:00,60.7333,77.5889,55.38,93,100,4.36
247,Sebrovo,RU,2022-07-21 18:43:00,50.0981,43.2976,61.83,61,98,7.45
248,Aschersleben,DE,2022-07-21 18:43:01,51.75,11.4667,77.95,57,98,8.68
249,Tutoia,BR,2022-07-21 18:43:01,-2.7619,-42.2744,80.62,72,96,6.24
250,Barkhera,IN,2022-07-21 18:43:01,28.45,79.8,81.28,80,100,5.95
251,Skibbereen,IE,2022-07-21 18:43:02,51.55,-9.2667,56.1,86,100,8.21
252,Makokou,GA,2022-07-21 18:43:02,0.5738,12.8642,72.18,83,100,1.48
253,Aleksandrov Gay,RU,2022-07-21 18:43:03,50.147,48.5704,68.29,69,13,5.3
254,Keta,GH,2022-07-21 18:43:03,5.9179,0.9879,77.22,76,10,14.45
255,Jalu,LY,2022-07-21 18:36:20,29.0331,21.5482,84.9,27,0,15.86
256,Qaqortoq,GL,2022-07-21 18:43:04,60.7167,-46.0333,50.92,78,9,6.29
257,Svetlyy,RU,2022-07-21 18:43:04,54.675,20.1347,76.96,59,6,7.74
258,Turukhansk,RU,2022-07-21 18:43:05,65.8167,87.9833,55.35,91,100,11.32
259,Road Town,VG,2022-07-21 18:43:05,18.4167,-64.6167,82.49,94,20,8.05
260,Toba Tek Singh,PK,2022-07-21 18:43:05,30.9743,72.4827,83.61,78,100,4.23
261,Kalevala,RU,2022-07-21 18:43:06,65.2,31.1667,69.37,65,100,3.02
262,Kirillov,RU,2022-07-21 18:43:06,59.863,38.3813,61.61,75,81,4.21
263,Narasannapeta,IN,2022-07-21 18:43:07,18.4167,84.05,82.78,81,100,3.18
264,Butler,US,2022-07-21 18:43:07,39.4501,-84.5666,90.01,53,20,12.66
265,San Cristobal,VE,2022-07-21 18:36:33,7.7669,-72.225,80.78,53,77,7.56
266,Luderitz,NA,2022-07-21 18:36:45,-26.6481,15.1594,64.92,49,0,8.48
267,Camacha,PT,2022-07-21 18:37:56,33.0833,-16.3333,69.22,68,75,12.66
268,Omboue,GA,2022-07-21 18:38:27,-1.5746,9.2618,72.64,89,100,8.61
269,Guhagar,IN,2022-07-21 18:43:08,17.4842,73.1929,78.42,88,100,3.22
270,Sinnamary,GF,2022-07-21 18:36:30,5.3833,-52.95,82.33,75,27,8.32
271,Choa Saidan Shah,PK,2022-07-21 18:43:08,32.7201,72.9849,76.35,87,100,4.88
272,Mulanje,MW,2022-07-21 18:43:09,-16.0316,35.5,64.11,60,6,5.91
273,Rocha,UY,2022-07-21 18:35:26,-34.4833,-54.3333,56.71,75,100,8.16
274,Fershampenuaz,RU,2022-07-21 18:43:09,53.5202,59.8117,58.93,73,23,5.68
275,Teguise,ES,2022-07-21 18:43:10,29.0605,-13.564,75.42,69,0,25.32
276,Kovalevskoye,RU,2022-07-21 18:43:11,45.1942,40.9761,64.11,61,8,7.45
277,Mahebourg,MU,2022-07-21 18:36:56,-20.4081,57.7,70.09,78,75,13.8
278,Rock Sound,BS,2022-07-21 18:43:11,24.9,-76.2,82.69,75,12,12.75
279,Marzuq,YE,2022-07-21 18:38:35,14.4,46.4667,77.65,61,0,7.61
280,Halifax,CA,2022-07-21 18:41:01,44.6453,-63.5724,85.89,76,75,12.66
281,Tachov,CZ,2022-07-21 18:43:14,49.7953,12.6337,74.61,73,19,4.88
282,Zdzieszowice,PL,2022-07-21 18:43:14,50.4248,18.1235,82.51,42,0,7.99
283,Saeby,DK,2022-07-21 18:43:14,57.3319,10.5225,66.96,72,100,8.25
284,Puri,IN,2022-07-21 18:43:15,19.8,85.85,82.92,81,100,6.8
285,Morondava,MG,2022-07-21 18:37:14,-20.2833,44.2833,72.09,77,0,11.72
286,Rio Gallegos,AR,2022-07-21 18:41:36,-51.6226,-69.2181,35.65,64,0,26.46
287,Karpogory,RU,2022-07-21 18:43:15,64.0019,44.4451,61.65,76,0,5.46
288,Podgorenskiy,RU,2022-07-21 18:43:16,50.405,39.6429,56.79,94,69,7.67
289,Muzaffarabad,PK,2022-07-21 18:43:16,34.37,73.4711,77.05,94,100,1.79
290,Parauna,BR,2022-07-21 18:43:16,-16.9478,-50.4486,85.86,20,94,4.85
291,Inndyr,NO,2022-07-21 18:43:16,67.0338,14.0276,55.44,87,100,7.16
292,Celendin,PE,2022-07-21 18:43:17,-6.8703,-78.1517,73.92,40,67,4.52
293,Takoradi,GH,2022-07-21 18:33:21,4.8845,-1.7554,74.62,72,36,10.22
294,Daniel Flores,CR,2022-07-21 18:43:17,9.3355,-83.6694,77.02,82,100,2.59
295,Lincolnton,US,2022-07-21 18:43:18,35.4737,-81.2545,91.08,57,0,11.5
296,Niquelandia,BR,2022-07-21 18:43:18,-14.4739,-48.4597,88.52,23,62,7.16
297,Lincoln,US,2022-07-21 18:38:33,40.8,-96.667,95.14,65,0,8.05
298,Kasempa,ZM,2022-07-21 18:43:18,-13.4584,25.8338,65.91,42,78,4.81
299,Albany,US,2022-07-21 18:36:23,42.6001,-73.9662,95.65,49,8,1.99
300,Jutai,BR,2022-07-21 18:43:19,-5.1833,-68.9,86.61,60,81,1.5
301,Marystown,CA,2022-07-21 18:43:19,47.1666,-55.1483,67.39,75,44,16.62
302,Linguere,SN,2022-07-21 18:43:20,15.3953,-15.1193,95.22,55,20,4.61
303,Olafsvik,IS,2022-07-21 18:43:20,64.8945,-23.7142,53.64,80,19,5.37
304,Natal,BR,2022-07-21 18:41:32,-5.795,-35.2094,84.42,70,40,12.66
305,Havoysund,NO,2022-07-21 18:43:21,70.9963,24.6622,59.23,99,100,14.0
306,Tabou,CI,2022-07-21 18:36:27,4.423,-7.3528,75.4,75,100,8.21
307,Lomintsevskiy,RU,2022-07-21 18:43:21,53.9855,37.6647,57.42,94,100,11.43
308,Masvingo,ZW,2022-07-21 18:43:21,-20.0637,30.8277,60.22,65,84,5.23
309,Ofaqim,IL,2022-07-21 18:39:38,31.3141,34.6203,77.7,76,6,6.76
310,Ambositra,MG,2022-07-21 18:43:22,-20.5167,47.25,46.6,99,44,3.18
311,Suffolk,US,2022-07-21 18:43:22,40.8668,-72.7996,87.93,78,0,14.97
312,Narsaq,GL,2022-07-21 18:43:22,60.9167,-46.05,68.22,72,11,9.93
313,Mwanza,TZ,2022-07-21 18:43:23,-2.5167,32.9,78.85,34,75,6.91
314,Porto Walter,BR,2022-07-21 18:43:23,-8.2686,-72.7439,94.3,32,11,2.19
315,Muscat,OM,2022-07-21 18:43:23,23.6139,58.5922,86.02,73,22,7.96
316,Kande,TG,2022-07-21 18:43:24,9.9578,1.0447,82.74,69,99,1.1
317,Goderich,CA,2022-07-21 18:37:54,43.7501,-81.7165,77.32,73,0,9.22
318,Madaoua,NE,2022-07-21 18:43:24,14.073,5.96,87.64,41,25,4.25
319,Edd,ER,2022-07-21 18:43:25,13.9297,41.6925,91.51,60,59,9.13
320,Morant Bay,JM,2022-07-21 18:38:31,17.8815,-76.4093,92.71,67,82,12.5
321,Riachao Do Dantas,BR,2022-07-21 18:43:25,-11.0689,-37.725,78.35,62,55,10.58
322,Tobermory,CA,2022-07-21 18:43:25,45.2501,-81.6665,66.87,82,0,16.13
323,Sembe,CG,2022-07-21 18:43:26,1.6481,14.5806,70.93,98,80,2.62
324,Sakakah,SA,2022-07-21 18:43:26,29.9697,40.2064,101.77,15,0,17.76
325,Kodinar,IN,2022-07-21 18:43:26,20.7903,70.7031,81.57,79,100,15.26
326,Berlevag,NO,2022-07-21 18:43:27,70.8578,29.0864,60.8,91,100,8.16
327,Dekar,BW,2022-07-21 18:43:27,-21.5333,21.9333,57.99,43,2,8.57
328,Korla,CN,2022-07-21 18:36:53,41.7597,86.1469,77.76,31,0,2.08
329,Torfyanoy,RU,2022-07-21 18:43:27,58.4916,49.1979,57.45,88,5,3.38
330,Ludvika,SE,2022-07-21 18:43:27,60.1496,15.1878,82.2,55,100,1.9
331,Concarneau,FR,2022-07-21 18:43:28,47.875,-3.9225,71.82,53,24,13.71
332,Wilmington,US,2022-07-21 18:43:13,34.2257,-77.9447,88.92,73,75,16.11
333,Kaputa,ZM,2022-07-21 18:43:28,-8.4689,29.6619,70.79,52,18,5.26
334,Burgeo,CA,2022-07-21 18:43:28,47.6167,-57.6152,67.57,72,20,15.59
335,Kovacica,RS,2022-07-21 18:43:29,45.1117,20.6214,87.93,29,6,5.44
336,Mahon,ES,2022-07-21 18:37:26,39.8885,4.2658,84.76,58,0,6.91
337,Kharp,RU,2022-07-21 18:43:29,66.8014,65.8081,45.68,71,37,4.27
338,Jumla,NP,2022-07-21 18:43:29,29.2747,82.1838,63.23,95,100,2.66
339,Puerto Quijarro,BO,2022-07-21 18:43:29,-17.7833,-57.7667,96.03,20,100,7.67
340,Taguatinga,BR,2022-07-21 18:43:30,-12.3857,-46.5711,91.63,22,2,4.65
341,Sisimiut,GL,2022-07-21 18:43:30,66.9395,-53.6735,48.15,87,100,16.58
342,Trincomalee,LK,2022-07-21 18:43:31,8.5711,81.2335,78.98,86,92,9.98
343,Aden,YE,2022-07-21 18:43:31,12.7794,45.0367,85.23,62,9,3.11
344,Kalmar,SE,2022-07-21 18:43:31,56.6616,16.3616,82.15,70,12,8.75
345,Azul,AR,2022-07-21 18:43:32,-36.777,-59.8585,59.34,27,14,2.24
346,Yasnaya Polyana,RU,2022-07-21 18:43:32,44.0225,42.7539,64.6,82,100,5.88
347,Yar-Sale,RU,2022-07-21 18:43:32,66.8333,70.8333,46.42,76,100,12.26
348,Ambilobe,MG,2022-07-21 18:37:41,-13.2,49.05,66.9,70,9,5.97
349,Nioro,GM,2022-07-21 18:43:32,13.35,-15.75,78.3,89,100,5.28
350,Walvis Bay,NA,2022-07-21 18:37:34,-22.9575,14.5053,61.75,67,0,3.44
351,Monze,ZM,2022-07-21 18:43:33,-16.2833,27.4833,60.08,56,30,4.34
352,Souillac,MU,2022-07-21 18:36:46,-20.5167,57.5167,70.18,78,75,13.8
353,Ritchie,ZA,2022-07-21 18:43:33,-29.038,24.6028,52.81,33,0,6.06
354,Kangaba,ML,2022-07-21 18:38:11,11.9333,-8.4167,75.79,90,97,4.18
355,Porto Novo,BJ,2022-07-21 18:40:06,6.4965,2.6036,78.62,78,27,9.33
356,Puerto Escondido,MX,2022-07-21 18:43:34,15.85,-97.0667,87.84,66,100,9.24
357,Karlstad,SE,2022-07-21 18:43:34,59.3793,13.5036,79.36,53,100,4.61
358,Harper,LR,2022-07-21 18:37:10,4.375,-7.7169,75.51,75,100,9.4
359,Valmiera,LV,2022-07-21 18:43:34,57.5411,25.4275,69.42,76,39,2.64
360,Abha,SA,2022-07-21 18:43:35,18.2164,42.5053,69.62,73,40,5.75
361,Bengkulu,ID,2022-07-21 18:33:36,-3.8004,102.2655,75.2,92,77,4.0
362,Araouane,ML,2022-07-21 18:33:06,18.9048,-3.5265,97.09,30,20,2.91
363,Maragogi,BR,2022-07-21 18:43:35,-9.0122,-35.2225,76.23,83,70,11.72
364,Okahandja,NA,2022-07-21 18:43:35,-21.9833,16.9167,60.26,27,1,7.94
365,Quebo,GW,2022-07-21 18:43:35,11.3333,-14.9333,76.78,92,77,7.9
366,Vilhena,BR,2022-07-21 18:38:03,-12.7406,-60.1458,88.02,30,0,10.36
367,Banfora,BF,2022-07-21 18:43:36,10.6333,-4.7667,77.86,74,74,2.37
368,Oistins,BB,2022-07-21 18:38:39,13.0667,-59.5333,87.89,66,20,20.71
369,Troitsko-Pechorsk,RU,2022-07-21 18:43:36,62.7084,56.1964,58.6,78,50,5.59
370,Bria,CF,2022-07-21 18:43:36,6.5423,21.9863,71.06,95,100,2.08
371,Kuybysheve,UA,2022-07-21 18:43:37,47.358,36.6491,61.3,64,10,6.06
372,Betioky,MG,2022-07-21 18:43:37,-23.7167,44.3833,69.69,46,95,8.12
373,Aksarka,RU,2022-07-21 18:43:37,66.5606,67.7975,43.66,79,23,2.21
374,Beverley,GB,2022-07-21 18:43:38,53.8459,-0.4233,66.42,50,40,4.61
375,Izberbash,RU,2022-07-21 18:43:38,42.5696,47.8645,75.25,79,16,4.7
376,Linares,CL,2022-07-21 18:43:38,-35.85,-71.6,59.85,65,28,4.5
377,Kita,ML,2022-07-21 18:43:38,13.0349,-9.4895,76.95,88,100,1.77
378,Rafai,CF,2022-07-21 18:43:39,4.95,23.9167,69.69,97,100,2.13
379,Las Palmas,ES,2022-07-21 18:43:39,28.4204,-14.0131,75.99,73,0,14.97
380,Tenenkou,ML,2022-07-21 18:43:39,14.4572,-4.9169,88.14,51,100,7.85
381,Comodoro Rivadavia,AR,2022-07-21 18:36:52,-45.8667,-67.5,44.46,29,40,25.32
382,Malaya Vishera,RU,2022-07-21 18:43:40,58.8454,32.2222,60.67,81,6,5.21
383,Uray,RU,2022-07-21 18:43:40,60.1247,64.7758,56.66,60,47,4.34
384,Saint-Francois,FR,2022-07-21 18:43:40,46.4154,3.9054,80.04,44,0,6.91
385,El Alto,PE,2022-07-21 18:43:41,-4.2714,-81.2147,71.26,62,15,20.8
386,Nova Granada,BR,2022-07-21 18:43:41,-20.5339,-49.3142,86.25,23,5,7.81
387,Boa Vista,BR,2022-07-21 18:43:41,2.8197,-60.6733,85.98,66,75,3.44
388,Skjervoy,NO,2022-07-21 18:43:41,70.0311,20.9714,53.6,97,100,1.07
389,Pirenopolis,BR,2022-07-21 18:43:42,-15.8525,-48.9592,82.89,23,2,6.06
390,Mizdah,LY,2022-07-21 18:43:42,31.4451,12.9801,81.66,32,0,18.07
391,Lively,CA,2022-07-21 18:43:42,46.4334,-81.1498,72.01,67,72,12.68
392,Ust-Shonosha,RU,2022-07-21 18:43:43,61.1531,41.343,61.32,80,33,3.53
393,Kralendijk,BQ,2022-07-21 18:43:43,12.15,-68.2667,85.98,74,40,17.27
394,Thessalon,CA,2022-07-21 18:42:21,46.2501,-83.5666,77.29,62,0,21.27
395,Fez,MA,2022-07-21 18:43:43,34.0372,-4.9998,98.85,14,40,9.22
396,Tarancon,ES,2022-07-21 18:43:44,40.0085,-3.0073,94.23,14,0,5.41
397,Zhezkazgan,KZ,2022-07-21 18:43:44,47.8043,67.7144,80.37,25,19,12.15
398,Entre Rios,BR,2022-07-21 18:43:44,-11.9419,-38.0844,74.21,79,100,8.16
399,Mamallapuram,IN,2022-07-21 18:40:08,12.6264,80.1722,81.05,76,99,9.86
400,Valdivia,CL,2022-07-21 18:43:45,-39.8142,-73.2459,46.49,95,100,0.36
401,Soubre,CI,2022-07-21 18:43:45,5.7856,-6.6083,72.36,88,100,2.86
402,Gorele,TR,2022-07-21 18:43:45,41.0308,39.0031,69.22,72,97,5.93
403,Ogaminana,NG,2022-07-21 18:43:45,7.5946,6.2248,72.25,95,81,3.94
404,Shelburne,CA,2022-07-21 18:43:46,44.0787,-80.2041,76.91,58,0,19.75
405,Praia Da Vitoria,PT,2022-07-21 18:37:39,38.7333,-27.0667,79.05,61,20,1.59
406,Zuwarah,LY,2022-07-21 18:43:46,32.9312,12.082,80.47,70,0,13.44
407,Naryshkino,RU,2022-07-21 18:43:46,52.9678,35.7268,56.68,95,9,10.98
408,Awjilah,LY,2022-07-21 18:37:01,29.1081,21.2869,83.44,38,0,18.37
409,Hofn,IS,2022-07-21 18:43:47,64.2539,-15.2082,51.28,89,17,3.65
410,Gamba,GA,2022-07-21 18:36:59,-2.65,10.0,71.33,90,76,7.18
411,Viana,BR,2022-07-21 18:43:47,-20.3903,-40.4961,76.77,65,69,5.37
412,Goundam,ML,2022-07-21 18:43:47,16.4145,-3.6708,94.17,37,24,9.4
413,Tessalit,ML,2022-07-21 18:43:48,20.1986,1.0114,86.27,39,100,19.15
414,Skopin,RU,2022-07-21 18:43:48,53.8249,39.5505,60.71,96,97,14.58
415,Campos Belos,BR,2022-07-21 18:41:57,-13.0367,-46.7717,87.89,23,5,6.22
416,Atbasar,KZ,2022-07-21 18:43:48,51.8,68.3333,61.63,68,0,8.39
417,Abalak,RU,2022-07-21 18:43:49,58.1286,68.5944,56.37,91,100,6.49
418,Sao Joao Do Paraiso,BR,2022-07-21 18:43:49,-15.3136,-42.0144,80.35,29,25,12.08
419,Sakaraha,MG,2022-07-21 18:43:49,-22.9,44.5333,65.39,57,62,2.62
420,Rundu,NA,2022-07-21 18:37:47,-17.9333,19.7667,62.87,33,50,5.12
421,Chambersburg,US,2022-07-21 18:40:22,39.9376,-77.6611,93.36,52,26,4.0
422,Rapar,IN,2022-07-21 18:43:50,23.5667,70.6333,82.71,78,94,15.55
423,Baghdad,IQ,2022-07-21 18:43:50,33.3406,44.4009,102.11,18,0,8.05
424,Jequie,BR,2022-07-21 18:43:50,-13.8575,-40.0836,77.04,59,96,7.78
425,Pitkyaranta,RU,2022-07-21 18:43:51,61.5734,31.4792,69.26,65,59,5.35
426,Espanola,US,2022-07-21 18:43:51,35.9911,-106.0806,92.52,28,16,1.01
427,Barpali,IN,2022-07-21 18:43:51,21.2,83.5833,79.93,87,100,4.88
428,Arrifes,PT,2022-07-21 18:43:51,37.7667,-25.7,70.05,78,75,5.75
429,Port Hawkesbury,CA,2022-07-21 18:43:52,45.6169,-61.3485,87.89,50,0,10.0
430,Talara,PE,2022-07-21 18:37:45,-4.5772,-81.2719,74.16,60,0,21.85
431,Talnakh,RU,2022-07-21 18:43:52,69.4865,88.3972,51.21,88,17,6.44
432,Upington,ZA,2022-07-21 18:43:52,-28.4478,21.2561,55.78,50,0,4.61
433,Iqaluit,CA,2022-07-21 18:43:53,63.7506,-68.5145,40.73,93,100,6.91
434,Lesnoye,RU,2022-07-21 18:43:53,58.2841,35.5158,56.79,90,4,5.28
435,Cibitoke,BI,2022-07-21 18:43:53,-2.8833,29.25,64.6,57,48,3.74
436,Richards Bay,ZA,2022-07-21 18:37:27,-28.783,32.0377,64.76,91,39,4.38
437,Akyab,MM,2022-07-21 18:43:54,20.15,92.9,82.2,83,100,3.76
438,Kachiry,KZ,2022-07-21 18:43:54,53.0675,76.1036,65.46,64,13,11.92
439,Ilabaya,PE,2022-07-21 18:43:54,-17.4208,-70.5133,72.46,38,98,9.24
440,Coria,ES,2022-07-21 18:43:55,39.9879,-6.5377,96.46,13,73,10.85
441,Nara,JP,2022-07-21 18:43:55,34.6851,135.8049,76.69,95,38,3.27
442,Sawakin,SD,2022-07-21 18:43:55,19.1059,37.3321,90.52,53,57,4.07
443,Kisanga,TZ,2022-07-21 18:43:56,-7.4362,37.7034,70.59,70,8,3.27
444,Ouadda,CF,2022-07-21 18:43:56,8.0777,22.4007,70.16,93,100,1.83
445,Businga,CD,2022-07-21 18:38:17,3.3333,20.8833,71.8,97,100,2.51
446,Toamasina,MG,2022-07-21 18:33:51,-18.1667,49.3833,68.0,88,75,11.5
447,Hauterive,FR,2022-07-21 18:43:56,46.0901,3.4459,81.36,52,0,5.99
448,Romodanovo,RU,2022-07-21 18:43:57,54.4275,45.3296,59.23,94,100,16.82
449,Novopokrovka,UA,2022-07-21 18:43:57,49.8425,36.5477,58.51,93,17,7.78
450,Merritt Island,US,2022-07-21 18:40:55,28.5392,-80.672,93.22,63,0,4.0
451,Bainbridge,US,2022-07-21 18:37:22,47.6262,-122.5212,82.17,52,0,6.91
452,Saint-Louis,SN,2022-07-21 18:38:24,16.3333,-15.0,98.24,40,92,4.61
453,Kadoma,JP,2022-07-21 18:43:57,34.7333,135.5833,77.67,97,75,1.14
454,Lewisporte,CA,2022-07-21 18:43:58,49.2499,-55.0482,78.55,60,80,9.53
455,Tombouctou,ML,2022-07-21 18:43:57,20.0,-3.0,97.77,26,7,9.1
456,Constitucion,CL,2022-07-21 18:37:38,-35.3333,-72.4167,59.5,70,4,10.58
457,Ecoporanga,BR,2022-07-21 18:43:58,-18.3733,-40.8306,73.72,68,79,3.18
458,Olinda,BR,2022-07-21 18:38:31,-8.0089,-34.8553,74.93,88,75,9.22
459,Jizan,SA,2022-07-21 18:43:58,17.3333,42.6667,90.54,53,72,1.54
460,Lokosovo,RU,2022-07-21 18:43:59,61.1333,74.8167,53.2,76,35,7.87
461,Staritsa,RU,2022-07-21 18:43:59,56.5075,34.9354,57.13,92,5,6.96
462,Yenagoa,NG,2022-07-21 18:43:59,4.9247,6.2642,75.09,87,89,6.11
463,Mizan Teferi,ET,2022-07-21 18:44:00,6.9833,35.5833,59.22,98,59,2.51
464,Vinnytsya,UA,2022-07-21 18:44:00,49.2328,28.481,66.96,58,1,8.9
465,Monrovia,LR,2022-07-21 18:44:00,6.3005,-10.7969,77.05,77,100,13.44
466,Port Blair,IN,2022-07-21 18:37:26,11.6667,92.75,79.56,87,100,5.7
467,Bushehr,IR,2022-07-21 18:37:47,28.9684,50.8385,93.29,66,0,9.22
468,Beira,MZ,2022-07-21 18:44:01,-19.8436,34.8389,69.98,86,1,8.21
469,Samfya,ZM,2022-07-21 18:44:01,-11.3649,29.5565,71.74,40,100,10.76
470,Seltso,RU,2022-07-21 18:44:01,53.3675,34.1,63.09,88,11,8.95
471,Chilca,PE,2022-07-21 18:44:02,-12.5211,-76.7372,63.1,77,2,10.31
472,Kuytun,RU,2022-07-21 18:44:02,54.3419,101.5036,54.73,84,100,6.04
473,Wawa,NG,2022-07-21 18:44:02,9.9022,4.4192,77.11,81,89,3.38
474,Lisakovsk,KZ,2022-07-21 18:44:03,52.5369,62.4936,62.91,58,1,6.04
475,Tahta,EG,2022-07-21 18:36:38,26.7693,31.5021,89.46,16,0,9.62
476,Dalvik,IS,2022-07-21 18:44:04,65.9702,-18.5286,51.73,77,100,2.33
477,Kindu,CD,2022-07-21 18:44:04,-2.95,25.95,71.67,80,5,1.7
478,Vestmanna,FO,2022-07-21 18:44:04,62.1564,-7.1664,52.72,87,20,9.22
479,Sao Jose Da Coroa Grande,BR,2022-07-21 18:44:05,-8.8978,-35.1478,76.59,82,88,12.15
480,Novosergiyevka,RU,2022-07-21 18:44:05,52.0934,53.6528,67.01,55,100,10.22
481,Visselhovede,DE,2022-07-21 18:44:05,52.9833,9.6,69.64,91,72,7.31
482,Rawson,AR,2022-07-21 18:44:06,-43.3002,-65.1023,48.61,42,100,21.32
483,Guatire,VE,2022-07-21 18:44:06,10.4762,-66.5427,79.03,87,95,2.42
484,Nawabganj,BD,2022-07-21 18:44:06,24.5911,88.271,84.67,75,100,6.55
485,Bonito,BR,2022-07-21 18:44:07,-21.1211,-56.4819,91.33,21,42,10.63
486,Beyneu,KZ,2022-07-21 18:44:07,45.3167,55.2,91.74,25,100,22.03
487,Dzaoudzi,YT,2022-07-21 18:44:07,-12.7887,45.2699,71.49,88,0,4.61
488,Sokoto,NG,2022-07-21 18:44:08,13.0609,5.239,81.03,65,11,1.52
489,Conde,BR,2022-07-21 18:44:08,-7.2597,-34.9075,74.66,94,75,13.8
490,Kapoeta,SS,2022-07-21 18:44:09,4.7717,33.5903,79.36,48,45,1.68
491,Carai,BR,2022-07-21 18:44:09,-17.1889,-41.6947,72.66,45,0,8.14
492,Newport,GB,2022-07-21 18:43:32,51.5877,-2.9984,72.43,61,65,3.18
493,Luwingu,ZM,2022-07-21 18:44:09,-10.2621,29.9271,67.06,39,93,4.83
494,Torit,SS,2022-07-21 18:44:10,4.4133,32.5678,74.25,72,50,2.51
495,Panaba,MX,2022-07-21 18:44:10,21.2833,-88.2667,98.89,34,60,11.21
496,Klaksvik,FO,2022-07-21 18:44:10,62.2266,-6.589,54.52,88,12,9.4
497,Verin,ES,2022-07-21 18:44:11,41.9415,-7.4381,82.56,27,0,10.76
498,Karaton,ID,2022-07-21 18:44:11,-6.3424,106.1045,73.26,93,100,1.43
499,Vitorino Freire,BR,2022-07-21 18:44:12,-4.0667,-45.1667,89.98,38,14,3.13
500,Pangoa,PE,2022-07-21 18:44:12,-12.1167,-73.0,86.52,44,1,4.99
501,Krapina,HR,2022-07-21 18:44:12,46.1608,15.8789,84.29,44,0,1.81
502,Schwyz,CH,2022-07-21 18:44:13,47.0279,8.6561,78.46,86,81,2.37
503,Bunia,CD,2022-07-21 18:44:13,1.5667,30.25,71.17,55,100,1.61
504,Les Cayes,HT,2022-07-21 18:44:14,18.2,-73.75,88.0,61,7,13.56
505,Havelock,US,2022-07-21 18:34:35,34.8791,-76.9013,91.36,82,75,24.16
506,Moyamba,SL,2022-07-21 18:44:14,8.1667,-12.4333,74.03,94,87,5.3
507,Leh,IN,2022-07-21 18:37:52,34.1667,77.5833,68.34,16,100,5.79
508,Eyl,SO,2022-07-21 18:44:14,7.9803,49.8164,77.41,76,0,24.96
509,Boyuibe,BO,2022-07-21 18:44:15,-20.4167,-63.2833,91.27,22,71,13.27
